{"name":"Mia","count":"13501"}
{"name":"Victoria","count":"7987"}
{"name":"Lillian","count":"6905"}
{"name":"Lily","count":"6764"}
{"name":"Riley","count":"4787"}
{"name":"Violet","count":"4177"}
{"name":"Mila","count":"4051"}
{"name":"Piper","count":"3860"}
{"name":"Gianna","count":"3073"}
{"name":"Vivian","count":"3061"}
{"name":"Kimberly","count":"2895"}
{"name":"Liliana","count":"2633"}
{"name":"Lilly","count":"2559"}
{"name":"Nicole","count":"2528"}
{"name":"Kinsley","count":"2441"}
{"name":"Willow","count":"2396"}
{"name":"Ximena","count":"2337"}
{"name":"Lila","count":"1770"}
{"name":"Michelle","count":"1747"}
{"name":"Fiona","count":"1646"}
{"name":"Kinley","count":"1616"}
{"name":"Giselle","count":"1574"}
{"name":"Finley","count":"1510"}
{"name":"Miranda","count":"1350"}
{"name":"Vivienne","count":"1295"}
{"name":"Sienna","count":"1263"}
{"name":"Lilliana","count":"1211"}
{"name":"Nina","count":"1102"}
{"name":"Diana","count":"1091"}
{"name":"Miriam","count":"1068"}
{"name":"Lilah","count":"1048"}
{"name":"Mikayla","count":"1034"}
{"name":"Ainsley","count":"1000"}
{"name":"Kira","count":"946"}
{"name":"Sierra","count":"940"}
{"name":"Kiara","count":"923"}
{"name":"Bianca","count":"904"}
{"name":"Gia","count":"884"}
{"name":"Giuliana","count":"868"}
{"name":"Lia","count":"861"}
{"name":"Jillian","count":"847"}
{"name":"Miracle","count":"775"}
{"name":"Jimena","count":"730"}
{"name":"Tiffany","count":"726"}
{"name":"River","count":"706"}
{"name":"Viviana","count":"703"}
{"name":"Michaela","count":"658"}
{"name":"Nia","count":"647"}
{"name":"Lilian","count":"614"}
{"name":"Millie","count":"613"}
{"name":"Lillie","count":"606"}
{"name":"Lilyana","count":"582"}
{"name":"Willa","count":"562"}
{"name":"Tiana","count":"559"}
{"name":"Winter","count":"557"}
{"name":"Aisha","count":"544"}
{"name":"Liberty","count":"543"}
{"name":"Aileen","count":"541"}
{"name":"Lindsey","count":"534"}
{"name":"Mikaela","count":"531"}
{"name":"Virginia","count":"523"}
{"name":"Liana","count":"521"}
{"name":"Kiera","count":"500"}
{"name":"Mira","count":"475"}
{"name":"Linda","count":"470"}
{"name":"Miah","count":"461"}
{"name":"Kimber","count":"452"}
{"name":"Lilith","count":"451"}
{"name":"Lilianna","count":"440"}
{"name":"Lindsay","count":"433"}
{"name":"Kiley","count":"432"}
{"name":"Livia","count":"426"}
{"name":"Milan","count":"424"}
{"name":"Ciara","count":"420"}
{"name":"Mina","count":"410"}
{"name":"Siena","count":"404"}
{"name":"Cindy","count":"393"}
{"name":"Eileen","count":"391"}
{"name":"Simone","count":"386"}
{"name":"Lisa","count":"376"}
{"name":"Lizbeth","count":"372"}
{"name":"Milana","count":"370"}
{"name":"Milania","count":"368"}
{"name":"Lina","count":"363"}
{"name":"Giana","count":"359"}
{"name":"Liv","count":"357"}
{"name":"Miley","count":"354"}
{"name":"Milena","count":"352"}
{"name":"Dixie","count":"344"}
{"name":"Aimee","count":"337"}
{"name":"Aiyana","count":"325"}
{"name":"Lillianna","count":"320"}
{"name":"Giovanna","count":"313"}
{"name":"Kimora","count":"310"}
{"name":"Diamond","count":"306"}
{"name":"Libby","count":"305"}
{"name":"Miya","count":"302"}
{"name":"Lilyanna","count":"301"}
{"name":"Kiana","count":"297"}
{"name":"Zion","count":"297"}
{"name":"Sidney","count":"293"}
{"name":"Rivka","count":"293"}
{"name":"Kinslee","count":"291"}
{"name":"Lilia","count":"290"}
{"name":"Milani","count":"279"}
{"name":"Riya","count":"276"}
{"name":"Micah","count":"268"}
{"name":"Vienna","count":"253"}
{"name":"Vivien","count":"248"}
{"name":"Tinley","count":"236"}
{"name":"Kinlee","count":"235"}
{"name":"Micaela","count":"234"}
{"name":"Giada","count":"233"}
{"name":"Kinleigh","count":"233"}
{"name":"Lillyana","count":"228"}
{"name":"Rilynn","count":"228"}
{"name":"Kinsey","count":"226"}
{"name":"Giavanna","count":"222"}
{"name":"Lillyanna","count":"221"}
{"name":"Tinsley","count":"221"}
{"name":"Gisselle","count":"217"}
{"name":"Diya","count":"209"}
{"name":"Ailyn","count":"206"}
{"name":"Rihanna","count":"206"}
{"name":"Silvia","count":"199"}
{"name":"Xiomara","count":"195"}
{"name":"Viola","count":"194"}
{"name":"Tia","count":"193"}
{"name":"Violeta","count":"190"}
{"name":"Eisley","count":"187"}
{"name":"Violette","count":"187"}
{"name":"Kiersten","count":"186"}
{"name":"Kirsten","count":"184"}
{"name":"Vivianna","count":"180"}
{"name":"Miyah","count":"178"}
{"name":"Hillary","count":"177"}
{"name":"Mika","count":"177"}
{"name":"Milah","count":"177"}
{"name":"Tianna","count":"177"}
{"name":"Vida","count":"177"}
{"name":"Aiyanna","count":"174"}
{"name":"Litzy","count":"173"}
{"name":"Lizeth","count":"173"}
{"name":"Lilyann","count":"172"}
{"name":"Kinzley","count":"172"}
{"name":"Rita","count":"170"}
{"name":"Milagros","count":"169"}
{"name":"Lianna","count":"164"}
{"name":"Winnie","count":"162"}
{"name":"Gisele","count":"160"}
{"name":"Lidia","count":"158"}
{"name":"Linnea","count":"157"}
{"name":"Mireya","count":"157"}
{"name":"Gina","count":"154"}
{"name":"Aida","count":"153"}
{"name":"Tina","count":"150"}
{"name":"Lillyann","count":"148"}
{"name":"Dina","count":"146"}
{"name":"Ziva","count":"146"}
{"name":"Nicolette","count":"145"}
{"name":"Miabella","count":"142"}
{"name":"Dior","count":"141"}
{"name":"Finnley","count":"139"}
{"name":"Nichole","count":"139"}
{"name":"Nikki","count":"139"}
{"name":"Eiza","count":"137"}
{"name":"Jianna","count":"132"}
{"name":"Aila","count":"131"}
{"name":"Citlali","count":"129"}
{"name":"Milly","count":"129"}
{"name":"Rilee","count":"128"}
{"name":"Lincoln","count":"127"}
{"name":"Gillian","count":"125"}
{"name":"Rileigh","count":"125"}
{"name":"Kinsleigh","count":"124"}
{"name":"Cierra","count":"123"}
{"name":"Billie","count":"122"}
{"name":"Diane","count":"122"}
{"name":"Liza","count":"122"}
{"name":"Niyah","count":"122"}
{"name":"Zia","count":"122"}
{"name":"Jiselle","count":"119"}
{"name":"Pippa","count":"119"}
{"name":"Cielo","count":"115"}
{"name":"Kiya","count":"113"}
{"name":"Kierra","count":"111"}
{"name":"Niya","count":"111"}
{"name":"Lillith","count":"111"}
{"name":"Gizelle","count":"110"}
{"name":"Lillyan","count":"110"}
{"name":"Nila","count":"110"}
{"name":"Viktoria","count":"110"}
{"name":"Vivianne","count":"108"}
{"name":"Aiza","count":"107"}
{"name":"Dianna","count":"107"}
{"name":"Wilhelmina","count":"107"}
{"name":"Ailani","count":"106"}
{"name":"Lilyan","count":"104"}
{"name":"Kianna","count":"104"}
{"name":"Mindy","count":"101"}
{"name":"Ria","count":"100"}
{"name":"Siya","count":"100"}
{"name":"Tiara","count":"100"}
{"name":"Winifred","count":"100"}
{"name":"Gitty","count":"99"}
{"name":"Kirra","count":"98"}
{"name":"Liah","count":"98"}
{"name":"Liya","count":"97"}
{"name":"Sinai","count":"96"}
{"name":"Vianney","count":"96"}
{"name":"Violetta","count":"96"}
{"name":"Liyah","count":"95"}
{"name":"Milla","count":"95"}
{"name":"Kiyah","count":"95"}
{"name":"Aisley","count":"94"}
{"name":"Kinzlee","count":"93"}
{"name":"Lilyanne","count":"93"}
{"name":"Millicent","count":"93"}
{"name":"Zinnia","count":"93"}
{"name":"Giulia","count":"91"}
{"name":"Rian","count":"90"}
{"name":"Vianey","count":"90"}
{"name":"Jiya","count":"86"}
{"name":"Vicky","count":"85"}
{"name":"Mirabelle","count":"84"}
{"name":"Mildred","count":"82"}
{"name":"Cienna","count":"81"}
{"name":"Ginger","count":"80"}
{"name":"Giulianna","count":"80"}
{"name":"Aislynn","count":"79"}
{"name":"Yitty","count":"79"}
{"name":"Nilah","count":"79"}
{"name":"Kimberlyn","count":"79"}
{"name":"Cianna","count":"79"}
{"name":"Nikita","count":"79"}
{"name":"Aislinn","count":"78"}
{"name":"Lilli","count":"78"}
{"name":"Divya","count":"77"}
{"name":"Zipporah","count":"77"}
{"name":"Aislyn","count":"76"}
{"name":"Ripley","count":"75"}
{"name":"Linley","count":"75"}
{"name":"Hiba","count":"75"}
{"name":"Ainslee","count":"75"}
{"name":"Gianni","count":"74"}
{"name":"Nika","count":"74"}
{"name":"Rivky","count":"74"}
{"name":"Lizette","count":"73"}
{"name":"Divine","count":"72"}
{"name":"Kingsley","count":"72"}
{"name":"Ridley","count":"72"}
{"name":"Misha","count":"71"}
{"name":"Nikole","count":"71"}
{"name":"Pia","count":"71"}
{"name":"Lili","count":"70"}
{"name":"Sincere","count":"70"}
{"name":"Eila","count":"69"}
{"name":"Kim","count":"69"}
{"name":"Lillia","count":"69"}
{"name":"Lilliann","count":"69"}
{"name":"Xitlali","count":"69"}
{"name":"Simran","count":"68"}
{"name":"Tilly","count":"68"}
{"name":"Aiva","count":"67"}
{"name":"Liora","count":"67"}
{"name":"Niah","count":"67"}
{"name":"Rilyn","count":"67"}
{"name":"Lillianne","count":"66"}
{"name":"Simona","count":"66"}
{"name":"Sia","count":"66"}
{"name":"Mileena","count":"66"}
{"name":"Aitana","count":"66"}
{"name":"Aislin","count":"65"}
{"name":"Kimberlee","count":"65"}
{"name":"Lindy","count":"65"}
{"name":"Liyana","count":"65"}
{"name":"Mirabella","count":"65"}
{"name":"Liz","count":"64"}
{"name":"Tierney","count":"64"}
{"name":"Tirzah","count":"63"}
{"name":"Pilar","count":"63"}
{"name":"Liara","count":"63"}
{"name":"Kiyomi","count":"63"}
{"name":"Misty","count":"63"}
{"name":"Rina","count":"62"}
{"name":"Timber","count":"62"}
{"name":"Citlalli","count":"61"}
{"name":"Kitana","count":"61"}
{"name":"Hilary","count":"60"}
{"name":"Liesel","count":"60"}
{"name":"Lizzie","count":"60"}
{"name":"Lisette","count":"59"}
{"name":"Lissette","count":"59"}
{"name":"Lillyanne","count":"59"}
{"name":"Lillee","count":"59"}
{"name":"Kinzie","count":"59"}
{"name":"Aiden","count":"58"}
{"name":"Finlee","count":"58"}
{"name":"Kimberley","count":"58"}
{"name":"Linden","count":"58"}
{"name":"Lisbeth","count":"58"}
{"name":"Finleigh","count":"57"}
{"name":"Hindy","count":"57"}
{"name":"Jia","count":"57"}
{"name":"Kiah","count":"57"}
{"name":"Lilee","count":"57"}
{"name":"Victory","count":"56"}
{"name":"Citlaly","count":"56"}
{"name":"Bianka","count":"56"}
{"name":"Ciana","count":"56"}
{"name":"Aicha","count":"55"}
{"name":"Giavonna","count":"55"}
{"name":"Liesl","count":"55"}
{"name":"Dia","count":"54"}
{"name":"Miller","count":"54"}
{"name":"Siobhan","count":"54"}
{"name":"Aine","count":"53"}
{"name":"Dinah","count":"53"}
{"name":"Sirena","count":"53"}
{"name":"Gisel","count":"52"}
{"name":"Jill","count":"52"}
{"name":"Niamh","count":"52"}
{"name":"Tillie","count":"52"}
{"name":"Miliana","count":"51"}
{"name":"Sicily","count":"51"}
{"name":"Miangel","count":"50"}
{"name":"Ailin","count":"49"}
{"name":"Ciera","count":"49"}
{"name":"Kierstyn","count":"49"}
{"name":"Minnie","count":"49"}
{"name":"Nivea","count":"49"}
{"name":"Rikki","count":"49"}
{"name":"Sima","count":"49"}
{"name":"Tierra","count":"49"}
{"name":"Michele","count":"48"}
{"name":"Nirvana","count":"48"}
{"name":"Tinleigh","count":"47"}
{"name":"Nicolle","count":"47"}
{"name":"Gissel","count":"47"}
{"name":"Minerva","count":"47"}
{"name":"Xitlaly","count":"46"}
{"name":"Rio","count":"45"}
{"name":"Sianna","count":"45"}
{"name":"Niylah","count":"45"}
{"name":"Nitya","count":"45"}
{"name":"Nithya","count":"45"}
{"name":"Kimberlynn","count":"45"}
{"name":"Kilee","count":"45"}
{"name":"Jizelle","count":"45"}
{"name":"Ailey","count":"45"}
{"name":"Jireh","count":"45"}
{"name":"Mikah","count":"45"}
{"name":"Hilda","count":"44"}
{"name":"Nidhi","count":"44"}
{"name":"Aizah","count":"43"}
{"name":"Ziya","count":"43"}
{"name":"Vittoria","count":"43"}
{"name":"Mirella","count":"43"}
{"name":"Michal","count":"43"}
{"name":"Kiarra","count":"43"}
{"name":"Violett","count":"42"}
{"name":"Vianna","count":"42"}
{"name":"Riyan","count":"42"}
{"name":"Aisling","count":"42"}
{"name":"Airabella","count":"42"}
{"name":"Cing","count":"42"}
{"name":"Birdie","count":"41"}
{"name":"Gisela","count":"41"}
{"name":"Gisella","count":"41"}
{"name":"Jiana","count":"41"}
{"name":"Lizzy","count":"41"}
{"name":"Micaiah","count":"41"}
{"name":"Miraya","count":"41"}
{"name":"Wisdom","count":"41"}
{"name":"Mischa","count":"40"}
{"name":"Ziyah","count":"40"}
{"name":"Vita","count":"40"}
{"name":"Liba","count":"40"}
{"name":"Kiarah","count":"40"}
{"name":"Airam","count":"40"}
{"name":"Kimaya","count":"39"}
{"name":"Liani","count":"39"}
{"name":"Liviana","count":"39"}
{"name":"Niyla","count":"39"}
{"name":"Siri","count":"39"}
{"name":"Zianna","count":"38"}
{"name":"Yides","count":"38"}
{"name":"Rielle","count":"38"}
{"name":"Rianna","count":"38"}
{"name":"Miamor","count":"38"}
{"name":"Lilla","count":"38"}
{"name":"Kiran","count":"38"}
{"name":"Kimani","count":"38"}
{"name":"Kinzleigh","count":"38"}
{"name":"Ainara","count":"38"}
{"name":"Eimy","count":"38"}
{"name":"Gianella","count":"38"}
{"name":"Hinda","count":"38"}
{"name":"Fionna","count":"38"}
{"name":"Dilynn","count":"37"}
{"name":"Gisell","count":"37"}
{"name":"Lindley","count":"37"}
{"name":"Mikaylah","count":"37"}
{"name":"Milagro","count":"37"}
{"name":"Mirabel","count":"37"}
{"name":"Nico","count":"37"}
{"name":"Silvana","count":"37"}
{"name":"Winona","count":"37"}
{"name":"Riana","count":"36"}
{"name":"Ziah","count":"36"}
{"name":"Silver","count":"36"}
{"name":"Dillon","count":"36"}
{"name":"Ailany","count":"35"}
{"name":"Livvy","count":"35"}
{"name":"Michael","count":"35"}
{"name":"Michaella","count":"35"}
{"name":"Mikenzie","count":"35"}
{"name":"Viridiana","count":"35"}
{"name":"Zionna","count":"35"}
{"name":"Zissy","count":"35"}
{"name":"Lizabeth","count":"34"}
{"name":"Dionna","count":"34"}
{"name":"Aiko","count":"34"}
{"name":"Lilianne","count":"34"}
{"name":"Viana","count":"33"}
{"name":"Winry","count":"33"}
{"name":"Tinlee","count":"33"}
{"name":"Nicola","count":"33"}
{"name":"Mikaila","count":"33"}
{"name":"Lilya","count":"33"}
{"name":"Kirah","count":"33"}
{"name":"Kieran","count":"33"}
{"name":"Cinthia","count":"33"}
{"name":"Liam","count":"32"}
{"name":"Micayla","count":"32"}
{"name":"Aime","count":"31"}
{"name":"Zina","count":"31"}
{"name":"Viviane","count":"31"}
{"name":"Sidra","count":"31"}
{"name":"Rivkah","count":"31"}
{"name":"Rivers","count":"31"}
{"name":"Nizhoni","count":"31"}
{"name":"Kirby","count":"31"}
{"name":"Divina","count":"31"}
{"name":"Aishwarya","count":"31"}
{"name":"Aidyn","count":"31"}
{"name":"Mily","count":"30"}
{"name":"Winslow","count":"30"}
{"name":"Ridhi","count":"30"}
{"name":"Niki","count":"30"}
{"name":"Minka","count":"30"}
{"name":"Livy","count":"30"}
{"name":"Kilynn","count":"30"}
{"name":"Ginny","count":"30"}
{"name":"Fiorella","count":"30"}
{"name":"Airianna","count":"30"}
{"name":"Ailee","count":"30"}
{"name":"Milliana","count":"29"}
{"name":"Vibha","count":"29"}
{"name":"Rion","count":"29"}
{"name":"Nishka","count":"29"}
{"name":"Miri","count":"29"}
{"name":"Lian","count":"29"}
{"name":"Divinity","count":"29"}
{"name":"Ailynn","count":"29"}
{"name":"Hinley","count":"28"}
{"name":"Tionna","count":"28"}
{"name":"Niara","count":"28"}
{"name":"Milynn","count":"28"}
{"name":"Mica","count":"28"}
{"name":"Liliann","count":"28"}
{"name":"Kimiko","count":"28"}
{"name":"Gittel","count":"28"}
{"name":"Eira","count":"28"}
{"name":"Ainsleigh","count":"28"}
{"name":"Aira","count":"27"}
{"name":"Riyah","count":"27"}
{"name":"Risa","count":"27"}
{"name":"Riona","count":"27"}
{"name":"Niomi","count":"27"}
{"name":"Niang","count":"27"}
{"name":"Mirna","count":"27"}
{"name":"Mirel","count":"27"}
{"name":"Miliani","count":"27"}
{"name":"Mihika","count":"27"}
{"name":"Livie","count":"27"}
{"name":"Aili","count":"27"}
{"name":"Aishah","count":"27"}
{"name":"Aissatou","count":"27"}
{"name":"Bibiana","count":"27"}
{"name":"Gigi","count":"27"}
{"name":"Kierstin","count":"27"}
{"name":"Linh","count":"27"}
{"name":"Livi","count":"27"}
{"name":"Michell","count":"27"}
{"name":"Rida","count":"26"}
{"name":"Tiffani","count":"26"}
{"name":"Rinoa","count":"26"}
{"name":"Ricki","count":"26"}
{"name":"Nisha","count":"26"}
{"name":"Nicky","count":"26"}
{"name":"Mishika","count":"26"}
{"name":"Milyn","count":"26"}
{"name":"Milaya","count":"26"}
{"name":"Mikyla","count":"26"}
{"name":"Linsey","count":"26"}
{"name":"Aishani","count":"26"}
{"name":"Kimi","count":"26"}
{"name":"Eiliyah","count":"26"}
{"name":"Mireille","count":"26"}
{"name":"Mimi","count":"25"}
{"name":"Ziona","count":"25"}
{"name":"Xia","count":"25"}
{"name":"Windsor","count":"25"}
{"name":"Nisa","count":"25"}
{"name":"Nicol","count":"25"}
{"name":"Mishka","count":"25"}
{"name":"Minna","count":"25"}
{"name":"Lita","count":"25"}
{"name":"Kinslie","count":"25"}
{"name":"Kinnley","count":"25"}
{"name":"Kiani","count":"25"}
{"name":"Gionna","count":"25"}
{"name":"Gimena","count":"25"}
{"name":"Diem","count":"25"}
{"name":"Milli","count":"25"}
{"name":"Airi","count":"25"}
{"name":"Tigerlily","count":"24"}
{"name":"Miral","count":"24"}
{"name":"Miyana","count":"24"}
{"name":"Nikolina","count":"24"}
{"name":"Rima","count":"24"}
{"name":"Riva","count":"24"}
{"name":"Siana","count":"24"}
{"name":"Siham","count":"24"}
{"name":"Miana","count":"24"}
{"name":"Michela","count":"24"}
{"name":"Mianna","count":"24"}
{"name":"Lilyrose","count":"24"}
{"name":"Kinzlie","count":"24"}
{"name":"Giannah","count":"24"}
{"name":"Eiley","count":"24"}
{"name":"Ciel","count":"24"}
{"name":"Aiya","count":"24"}
{"name":"Mileah","count":"24"}
{"name":"Riddhi","count":"23"}
{"name":"William","count":"23"}
{"name":"Siara","count":"23"}
{"name":"Lillyonna","count":"23"}
{"name":"Kimbella","count":"23"}
{"name":"Kia","count":"23"}
{"name":"Giabella","count":"23"}
{"name":"Dionne","count":"23"}
{"name":"Miyanna","count":"22"}
{"name":"Willamina","count":"22"}
{"name":"Vidhi","count":"22"}
{"name":"Tiyana","count":"22"}
{"name":"Siyona","count":"22"}
{"name":"Rishika","count":"22"}
{"name":"Risha","count":"22"}
{"name":"Rielynn","count":"22"}
{"name":"Richelle","count":"22"}
{"name":"Riann","count":"22"}
{"name":"Nixon","count":"22"}
{"name":"Nihira","count":"22"}
{"name":"Nikayla","count":"22"}
{"name":"Gioia","count":"22"}
{"name":"Liliya","count":"22"}
{"name":"Michayla","count":"22"}
{"name":"Mickayla","count":"22"}
{"name":"Mikaella","count":"22"}
{"name":"Mithra","count":"22"}
{"name":"Eily","count":"22"}
{"name":"Nicolina","count":"22"}
{"name":"Miki","count":"21"}
{"name":"Zivah","count":"21"}
{"name":"Zita","count":"21"}
{"name":"Viva","count":"21"}
{"name":"Vianca","count":"21"}
{"name":"Sindy","count":"21"}
{"name":"Nicoletta","count":"21"}
{"name":"Mirian","count":"21"}
{"name":"Mirah","count":"21"}
{"name":"Mikenna","count":"21"}
{"name":"Lileigh","count":"21"}
{"name":"Kiyana","count":"21"}
{"name":"Kirstyn","count":"21"}
{"name":"Kirstin","count":"21"}
{"name":"Kinzey","count":"21"}
{"name":"Fia","count":"21"}
{"name":"Ainslie","count":"21"}
{"name":"Lively","count":"20"}
{"name":"Ailish","count":"20"}
{"name":"Miarose","count":"20"}
{"name":"Midori","count":"20"}
{"name":"Mikela","count":"20"}
{"name":"Mikeyla","count":"20"}
{"name":"Milia","count":"20"}
{"name":"Mirielle","count":"20"}
{"name":"Miroslava","count":"20"}
{"name":"Niva","count":"20"}
{"name":"Liel","count":"20"}
{"name":"Lianne","count":"20"}
{"name":"Filomena","count":"20"}
{"name":"Dianne","count":"20"}
{"name":"Ciela","count":"20"}
{"name":"Aixa","count":"20"}
{"name":"Ainhoa","count":"20"}
{"name":"Lilyth","count":"20"}
{"name":"Aidan","count":"20"}
{"name":"Misa","count":"19"}
{"name":"Nikol","count":"19"}
{"name":"Nissi","count":"19"}
{"name":"Rielyn","count":"19"}
{"name":"Ritaj","count":"19"}
{"name":"Simrah","count":"19"}
{"name":"Viviann","count":"19"}
{"name":"Wilma","count":"19"}
{"name":"Xiana","count":"19"}
{"name":"Ziara","count":"19"}
{"name":"Kiely","count":"19"}
{"name":"Lindsy","count":"19"}
{"name":"Miles","count":"19"}
{"name":"Airiana","count":"19"}
{"name":"Aiyla","count":"19"}
{"name":"Cianni","count":"19"}
{"name":"Fianna","count":"19"}
{"name":"Hira","count":"19"}
{"name":"Kitzia","count":"19"}
{"name":"Lilie","count":"19"}
{"name":"Lillyona","count":"19"}
{"name":"Giorgia","count":"19"}
{"name":"Miesha","count":"18"}
{"name":"Minnah","count":"18"}
{"name":"Mitzi","count":"18"}
{"name":"Mizuki","count":"18"}
{"name":"Nickole","count":"18"}
{"name":"Niharika","count":"18"}
{"name":"Nimrat","count":"18"}
{"name":"Nimrit","count":"18"}
{"name":"Sivan","count":"18"}
{"name":"Timia","count":"18"}
{"name":"Tinslee","count":"18"}
{"name":"Vincenza","count":"18"}
{"name":"Vivia","count":"18"}
{"name":"Lisseth","count":"18"}
{"name":"Ailene","count":"18"}
{"name":"Bintou","count":"18"}
{"name":"Finn","count":"18"}
{"name":"Finnleigh","count":"18"}
{"name":"Giavana","count":"18"}
{"name":"Kiylee","count":"18"}
{"name":"Liliane","count":"18"}
{"name":"Lilo","count":"18"}
{"name":"Lilyonna","count":"18"}
{"name":"Linette","count":"18"}
{"name":"Miasia","count":"18"}
{"name":"Lielle","count":"18"}
{"name":"Lilou","count":"17"}
{"name":"Lilymae","count":"17"}
{"name":"Milka","count":"17"}
{"name":"Rianne","count":"17"}
{"name":"Siani","count":"17"}
{"name":"Siera","count":"17"}
{"name":"Tilley","count":"17"}
{"name":"Timberly","count":"17"}
{"name":"Vivi","count":"17"}
{"name":"Ximenna","count":"17"}
{"name":"Lilyanah","count":"17"}
{"name":"Lillionna","count":"17"}
{"name":"Ailah","count":"17"}
{"name":"Aizlynn","count":"17"}
{"name":"Bina","count":"17"}
{"name":"Dillyn","count":"17"}
{"name":"Diva","count":"17"}
{"name":"Hinata","count":"17"}
{"name":"Kiari","count":"17"}
{"name":"Lilibeth","count":"17"}
{"name":"Lilley","count":"17"}
{"name":"Lillien","count":"17"}
{"name":"Mickenzie","count":"16"}
{"name":"Minha","count":"16"}
{"name":"Mikala","count":"16"}
{"name":"Milayna","count":"16"}
{"name":"Niralya","count":"16"}
{"name":"Pieper","count":"16"}
{"name":"Sibyl","count":"16"}
{"name":"Sigrid","count":"16"}
{"name":"Sila","count":"16"}
{"name":"Sirenity","count":"16"}
{"name":"Vidya","count":"16"}
{"name":"Viera","count":"16"}
{"name":"Vilma","count":"16"}
{"name":"Yizel","count":"16"}
{"name":"Lincy","count":"16"}
{"name":"Aibhlinn","count":"16"}
{"name":"Airyana","count":"16"}
{"name":"Cinthya","count":"16"}
{"name":"Dilara","count":"16"}
{"name":"Dion","count":"16"}
{"name":"Eilah","count":"16"}
{"name":"Kilah","count":"16"}
{"name":"Kileigh","count":"16"}
{"name":"Killian","count":"16"}
{"name":"Kimberli","count":"16"}
{"name":"Kindle","count":"16"}
{"name":"Lizmarie","count":"16"}
{"name":"Kit","count":"16"}
{"name":"Livian","count":"15"}
{"name":"Michaiah","count":"15"}
{"name":"Mikaylee","count":"15"}
{"name":"Milayah","count":"15"}
{"name":"Miryam","count":"15"}
{"name":"Nima","count":"15"}
{"name":"Nita","count":"15"}
{"name":"Niveah","count":"15"}
{"name":"Niyanna","count":"15"}
{"name":"Rifky","count":"15"}
{"name":"Ritika","count":"15"}
{"name":"Simi","count":"15"}
{"name":"Tiarra","count":"15"}
{"name":"Tiegan","count":"15"}
{"name":"Tionne","count":"15"}
{"name":"Vickie","count":"15"}
{"name":"Ziana","count":"15"}
{"name":"Kiaya","count":"15"}
{"name":"Linzy","count":"15"}
{"name":"Aina","count":"15"}
{"name":"Aissata","count":"15"}
{"name":"Aivah","count":"15"}
{"name":"Binta","count":"15"}
{"name":"Dima","count":"15"}
{"name":"Disha","count":"15"}
{"name":"Fiora","count":"15"}
{"name":"Giulietta","count":"15"}
{"name":"Lisandra","count":"15"}
{"name":"Libbie","count":"15"}
{"name":"Lillah","count":"15"}
{"name":"Lilleigh","count":"15"}
{"name":"Lilliah","count":"15"}
{"name":"Lillymae","count":"15"}
{"name":"Lilyahna","count":"15"}
{"name":"Lilybeth","count":"15"}
{"name":"Lianny","count":"15"}
{"name":"Ridhima","count":"14"}
{"name":"Riata","count":"14"}
{"name":"Riah","count":"14"}
{"name":"Nixie","count":"14"}
{"name":"Nicki","count":"14"}
{"name":"Nichelle","count":"14"}
{"name":"Niasia","count":"14"}
{"name":"Miyonna","count":"14"}
{"name":"Mio","count":"14"}
{"name":"Millee","count":"14"}
{"name":"Riot","count":"14"}
{"name":"Rithika","count":"14"}
{"name":"Simar","count":"14"}
{"name":"Siona","count":"14"}
{"name":"Tiare","count":"14"}
{"name":"Tiffanie","count":"14"}
{"name":"Zillah","count":"14"}
{"name":"Zissel","count":"14"}
{"name":"Ziyanna","count":"14"}
{"name":"Riki","count":"14"}
{"name":"Mikiyah","count":"14"}
{"name":"Milee","count":"14"}
{"name":"Aizley","count":"14"}
{"name":"Girl","count":"14"}
{"name":"Hiliana","count":"14"}
{"name":"Hiya","count":"14"}
{"name":"Hiyab","count":"14"}
{"name":"Jiah","count":"14"}
{"name":"Kiernan","count":"14"}
{"name":"Kimmy","count":"14"}
{"name":"Kimyah","count":"14"}
{"name":"Kinda","count":"14"}
{"name":"Kindall","count":"14"}
{"name":"Kinza","count":"14"}
{"name":"Kitty","count":"14"}
{"name":"Kiva","count":"14"}
{"name":"Lillyth","count":"14"}
{"name":"Lilyian","count":"14"}
{"name":"Lilyona","count":"14"}
{"name":"Lindyn","count":"14"}
{"name":"Aissa","count":"14"}
{"name":"Siddhi","count":"13"}
{"name":"Sicilia","count":"13"}
{"name":"Nida","count":"13"}
{"name":"Siah","count":"13"}
{"name":"Nissa","count":"13"}
{"name":"Nirvi","count":"13"}
{"name":"Nili","count":"13"}
{"name":"Nile","count":"13"}
{"name":"Nikola","count":"13"}
{"name":"Nihal","count":"13"}
{"name":"Nidia","count":"13"}
{"name":"Simra","count":"13"}
{"name":"Sieanna","count":"13"}
{"name":"Signe","count":"13"}
{"name":"Silje","count":"13"}
{"name":"Sinead","count":"13"}
{"name":"Tiona","count":"13"}
{"name":"Tisha","count":"13"}
{"name":"Vicki","count":"13"}
{"name":"Victorya","count":"13"}
{"name":"Vihana","count":"13"}
{"name":"Vivica","count":"13"}
{"name":"Winnifred","count":"13"}
{"name":"Yisel","count":"13"}
{"name":"Mitzy","count":"13"}
{"name":"Miyuki","count":"13"}
{"name":"Aizlyn","count":"13"}
{"name":"Cicily","count":"13"}
{"name":"Cidney","count":"13"}
{"name":"Ciena","count":"13"}
{"name":"Dillan","count":"13"}
{"name":"Eilyn","count":"13"}
{"name":"Hibba","count":"13"}
{"name":"Jina","count":"13"}
{"name":"Jinan","count":"13"}
{"name":"Kimberlie","count":"13"}
{"name":"Kimorah","count":"13"}
{"name":"Kinzee","count":"13"}
{"name":"Kimya","count":"13"}
{"name":"Misk","count":"13"}
{"name":"Minahil","count":"13"}
{"name":"Milica","count":"13"}
{"name":"Miami","count":"13"}
{"name":"Liyla","count":"13"}
{"name":"Livianna","count":"13"}
{"name":"Lira","count":"13"}
{"name":"Lilybelle","count":"13"}
{"name":"Lida","count":"13"}
{"name":"Miakoda","count":"12"}
{"name":"Mialynn","count":"12"}
{"name":"Micaella","count":"12"}
{"name":"Micha","count":"12"}
{"name":"Miette","count":"12"}
{"name":"Miia","count":"12"}
{"name":"Mikka","count":"12"}
{"name":"Miliyah","count":"12"}
{"name":"Mirai","count":"12"}
{"name":"Kimberlin","count":"12"}
{"name":"Mirakle","count":"12"}
{"name":"Miriah","count":"12"}
{"name":"Missy","count":"12"}
{"name":"Niana","count":"12"}
{"name":"Nickayla","count":"12"}
{"name":"Niyana","count":"12"}
{"name":"Rifka","count":"12"}
{"name":"Siyah","count":"12"}
{"name":"Tinzley","count":"12"}
{"name":"Vina","count":"12"}
{"name":"Xitlalli","count":"12"}
{"name":"Ziyonna","count":"12"}
{"name":"Lin","count":"12"}
{"name":"Aide","count":"12"}
{"name":"Aidee","count":"12"}
{"name":"Aidel","count":"12"}
{"name":"Aireanna","count":"12"}
{"name":"Airyanna","count":"12"}
{"name":"Eisele","count":"12"}
{"name":"Giordana","count":"12"}
{"name":"Gissell","count":"12"}
{"name":"Hilinai","count":"12"}
{"name":"Jilliana","count":"12"}
{"name":"Kieryn","count":"12"}
{"name":"Kila","count":"12"}
{"name":"Kina","count":"12"}
{"name":"Kinslea","count":"12"}
{"name":"Kiona","count":"12"}
{"name":"Lianah","count":"12"}
{"name":"Liat","count":"12"}
{"name":"Liliah","count":"12"}
{"name":"Lillieann","count":"12"}
{"name":"Lissa","count":"12"}
{"name":"Mireyah","count":"11"}
{"name":"Milo","count":"11"}
{"name":"Millianna","count":"11"}
{"name":"Milanya","count":"11"}
{"name":"Mikylah","count":"11"}
{"name":"Mikyah","count":"11"}
{"name":"Miko","count":"11"}
{"name":"Mikhaela","count":"11"}
{"name":"Mikenzi","count":"11"}
{"name":"Mikella","count":"11"}
{"name":"Mikeala","count":"11"}
{"name":"Mikalah","count":"11"}
{"name":"Mieka","count":"11"}
{"name":"Mishti","count":"11"}
{"name":"Nicholas","count":"11"}
{"name":"Nikia","count":"11"}
{"name":"Niko","count":"11"}
{"name":"Nikolette","count":"11"}
{"name":"Pierce","count":"11"}
{"name":"Rilynne","count":"11"}
{"name":"Ritisha","count":"11"}
{"name":"Sian","count":"11"}
{"name":"Tiannah","count":"11"}
{"name":"Tiwatope","count":"11"}
{"name":"Willoh","count":"11"}
{"name":"Zionah","count":"11"}
{"name":"Zitlaly","count":"11"}
{"name":"Kilani","count":"11"}
{"name":"Michel","count":"11"}
{"name":"Michelina","count":"11"}
{"name":"Aidah","count":"11"}
{"name":"Aidana","count":"11"}
{"name":"Ailed","count":"11"}
{"name":"Ailie","count":"11"}
{"name":"Ailis","count":"11"}
{"name":"Ailsa","count":"11"}
{"name":"Airalyn","count":"11"}
{"name":"Airalynn","count":"11"}
{"name":"Cicely","count":"11"}
{"name":"Cira","count":"11"}
{"name":"Dianely","count":"11"}
{"name":"Diara","count":"11"}
{"name":"Eibhlin","count":"11"}
{"name":"Dilyn","count":"11"}
{"name":"Lisamarie","count":"11"}
{"name":"Linnaea","count":"11"}
{"name":"Lilyauna","count":"11"}
{"name":"Lillianah","count":"11"}
{"name":"Liliahna","count":"11"}
{"name":"Kisa","count":"11"}
{"name":"Kinzly","count":"11"}
{"name":"Kinze","count":"11"}
{"name":"Kingslee","count":"11"}
{"name":"Kimiyah","count":"11"}
{"name":"Fiza","count":"11"}
{"name":"Riham","count":"10"}
{"name":"Nishtha","count":"10"}
{"name":"Nimo","count":"10"}
{"name":"Nikky","count":"10"}
{"name":"Nijah","count":"10"}
{"name":"Nigeria","count":"10"}
{"name":"Niema","count":"10"}
{"name":"Nielle","count":"10"}
{"name":"Mishelle","count":"10"}
{"name":"Mindel","count":"10"}
{"name":"Milianna","count":"10"}
{"name":"Miliah","count":"10"}
{"name":"Mili","count":"10"}
{"name":"Milany","count":"10"}
{"name":"Milanna","count":"10"}
{"name":"Milanie","count":"10"}
{"name":"Mikiya","count":"10"}
{"name":"Mikenzy","count":"10"}
{"name":"Mikelle","count":"10"}
{"name":"Mileigh","count":"10"}
{"name":"Mikayah","count":"10"}
{"name":"Vi","count":"10"}
{"name":"Yixuan","count":"10"}
{"name":"Wilhemina","count":"10"}
{"name":"Wiley","count":"10"}
{"name":"Wilder","count":"10"}
{"name":"Viya","count":"10"}
{"name":"Vitoria","count":"10"}
{"name":"Vincy","count":"10"}
{"name":"Viha","count":"10"}
{"name":"Videl","count":"10"}
{"name":"Vianka","count":"10"}
{"name":"Riven","count":"10"}
{"name":"Tinzlee","count":"10"}
{"name":"Timberlee","count":"10"}
{"name":"Tilia","count":"10"}
{"name":"Tilda","count":"10"}
{"name":"Sitara","count":"10"}
{"name":"Sisira","count":"10"}
{"name":"Siomara","count":"10"}
{"name":"Sierrah","count":"10"}
{"name":"Riyana","count":"10"}
{"name":"Eilidh","count":"10"}
{"name":"Kimari","count":"10"}
{"name":"Kiannah","count":"10"}
{"name":"Kiahna","count":"10"}
{"name":"Jimma","count":"10"}
{"name":"Himani","count":"10"}
{"name":"Gizel","count":"10"}
{"name":"Giovanni","count":"10"}
{"name":"Giavanni","count":"10"}
{"name":"Gianny","count":"10"}
{"name":"Eisa","count":"10"}
{"name":"Mickie","count":"10"}
{"name":"Diala","count":"10"}
{"name":"Citlally","count":"10"}
{"name":"Cielle","count":"10"}
{"name":"Bijou","count":"10"}
{"name":"Aiyonna","count":"10"}
{"name":"Aiyanah","count":"10"}
{"name":"Ainzlee","count":"10"}
{"name":"Aimi","count":"10"}
{"name":"Ailana","count":"10"}
{"name":"Aika","count":"10"}
{"name":"Kingston","count":"10"}
{"name":"Mikaya","count":"10"}
{"name":"Michaelyn","count":"10"}
{"name":"Michaelah","count":"10"}
{"name":"Lizet","count":"10"}
{"name":"Lior","count":"10"}
{"name":"Lilliauna","count":"10"}
{"name":"Kimoni","count":"10"}
{"name":"Lilliahna","count":"10"}
{"name":"Lilja","count":"10"}
{"name":"Lilac","count":"10"}
{"name":"Libi","count":"10"}
{"name":"Liela","count":"10"}
{"name":"Kinzi","count":"10"}
{"name":"Kioni","count":"10"}
{"name":"Kirat","count":"10"}
{"name":"Kiri","count":"10"}
{"name":"Kirie","count":"10"}
{"name":"Liadan","count":"10"}
{"name":"Liane","count":"10"}
{"name":"Rileyann","count":"9"}
{"name":"Rihana","count":"9"}
{"name":"Qiana","count":"9"}
{"name":"Pixie","count":"9"}
{"name":"Niyati","count":"9"}
{"name":"Nimra","count":"9"}
{"name":"Misheel","count":"9"}
{"name":"Mishal","count":"9"}
{"name":"Mirra","count":"9"}
{"name":"Milca","count":"9"}
{"name":"Miaisabella","count":"9"}
{"name":"Miaa","count":"9"}
{"name":"Lizzeth","count":"9"}
{"name":"Lizabella","count":"9"}
{"name":"Lissandra","count":"9"}
{"name":"Lineth","count":"9"}
{"name":"Lillyn","count":"9"}
{"name":"Lillyian","count":"9"}
{"name":"Lilliona","count":"9"}
{"name":"Lilit","count":"9"}
{"name":"Vidalia","count":"9"}
{"name":"Vitalia","count":"9"}
{"name":"Ziyana","count":"9"}
{"name":"Ziqi","count":"9"}
{"name":"Zimal","count":"9"}
{"name":"Yita","count":"9"}
{"name":"Xinyi","count":"9"}
{"name":"Xianna","count":"9"}
{"name":"Windy","count":"9"}
{"name":"Vivyan","count":"9"}
{"name":"Viktoriya","count":"9"}
{"name":"Ritu","count":"9"}
{"name":"Via","count":"9"}
{"name":"Timberlynn","count":"9"}
{"name":"Siyana","count":"9"}
{"name":"Sireen","count":"9"}
{"name":"Siniyah","count":"9"}
{"name":"Simrat","count":"9"}
{"name":"Simiyah","count":"9"}
{"name":"Sidda","count":"9"}
{"name":"Sibylla","count":"9"}
{"name":"Aily","count":"9"}
{"name":"Gitel","count":"9"}
{"name":"Ginnie","count":"9"}
{"name":"Firdaus","count":"9"}
{"name":"Finnlee","count":"9"}
{"name":"Finna","count":"9"}
{"name":"Eirene","count":"9"}
{"name":"Eilley","count":"9"}
{"name":"Dim","count":"9"}
{"name":"Cionna","count":"9"}
{"name":"Ciella","count":"9"}
{"name":"Libni","count":"9"}
{"name":"Ciarra","count":"9"}
{"name":"Ciani","count":"9"}
{"name":"Aiyannah","count":"9"}
{"name":"Aivy","count":"9"}
{"name":"Aislee","count":"9"}
{"name":"Aishi","count":"9"}
{"name":"Aimy","count":"9"}
{"name":"Aima","count":"9"}
{"name":"Liliani","count":"9"}
{"name":"Hilde","count":"9"}
{"name":"Hila","count":"9"}
{"name":"Liahna","count":"9"}
{"name":"Kirin","count":"9"}
{"name":"Kinslei","count":"9"}
{"name":"Kinlyn","count":"9"}
{"name":"Kinly","count":"9"}
{"name":"Kindal","count":"9"}
{"name":"Kimbree","count":"9"}
{"name":"Kimberleigh","count":"9"}
{"name":"Kilyn","count":"9"}
{"name":"Kiira","count":"9"}
{"name":"Kierah","count":"9"}
{"name":"Kiele","count":"9"}
{"name":"Jiyah","count":"9"}
{"name":"Jissel","count":"9"}
{"name":"Jinora","count":"9"}
{"name":"Jinger","count":"9"}
{"name":"Hina","count":"9"}
{"name":"Kiki","count":"9"}
{"name":"Minh","count":"8"}
{"name":"Mirage","count":"8"}
{"name":"Liyanna","count":"8"}
{"name":"Mirelle","count":"8"}
{"name":"Mitra","count":"8"}
{"name":"Niaomi","count":"8"}
{"name":"Nieves","count":"8"}
{"name":"Nikoletta","count":"8"}
{"name":"Nira","count":"8"}
{"name":"Nithila","count":"8"}
{"name":"Pietra","count":"8"}
{"name":"Piya","count":"8"}
{"name":"Minami","count":"8"}
{"name":"Minah","count":"8"}
{"name":"Milina","count":"8"}
{"name":"Mileydi","count":"8"}
{"name":"Milaina","count":"8"}
{"name":"Mikiah","count":"8"}
{"name":"Mihira","count":"8"}
{"name":"Miela","count":"8"}
{"name":"Miani","count":"8"}
{"name":"Mialani","count":"8"}
{"name":"Mi","count":"8"}
{"name":"Liyu","count":"8"}
{"name":"Miray","count":"8"}
{"name":"Siren","count":"8"}
{"name":"Ziyan","count":"8"}
{"name":"Zixuan","count":"8"}
{"name":"Zira","count":"8"}
{"name":"Zilah","count":"8"}
{"name":"Yitta","count":"8"}
{"name":"Yina","count":"8"}
{"name":"Yihan","count":"8"}
{"name":"Willoe","count":"8"}
{"name":"Wiktoria","count":"8"}
{"name":"Vika","count":"8"}
{"name":"Vidia","count":"8"}
{"name":"Tiya","count":"8"}
{"name":"Qirat","count":"8"}
{"name":"Sinclair","count":"8"}
{"name":"Sincerity","count":"8"}
{"name":"Sinahi","count":"8"}
{"name":"Sina","count":"8"}
{"name":"Simrit","count":"8"}
{"name":"Sidrah","count":"8"}
{"name":"Siddalee","count":"8"}
{"name":"Sibley","count":"8"}
{"name":"Riviera","count":"8"}
{"name":"Rin","count":"8"}
{"name":"Richa","count":"8"}
{"name":"Riane","count":"8"}
{"name":"Eislee","count":"8"}
{"name":"Jiali","count":"8"}
{"name":"Hiilani","count":"8"}
{"name":"Hidaya","count":"8"}
{"name":"Giuseppina","count":"8"}
{"name":"Gissele","count":"8"}
{"name":"Giovana","count":"8"}
{"name":"Ginna","count":"8"}
{"name":"Ginevra","count":"8"}
{"name":"Gibson","count":"8"}
{"name":"Giah","count":"8"}
{"name":"Fionnuala","count":"8"}
{"name":"Finnegan","count":"8"}
{"name":"Finlay","count":"8"}
{"name":"Linaya","count":"8"}
{"name":"Dixielynn","count":"8"}
{"name":"Diona","count":"8"}
{"name":"Circe","count":"8"}
{"name":"Bisma","count":"8"}
{"name":"Bisan","count":"8"}
{"name":"Bintu","count":"8"}
{"name":"Binah","count":"8"}
{"name":"Airis","count":"8"}
{"name":"Aimsley","count":"8"}
{"name":"Aileene","count":"8"}
{"name":"Aileana","count":"8"}
{"name":"Livvie","count":"8"}
{"name":"Jisselle","count":"8"}
{"name":"Jisel","count":"8"}
{"name":"Lima","count":"8"}
{"name":"Lilygrace","count":"8"}
{"name":"Lilu","count":"8"}
{"name":"Lillyauna","count":"8"}
{"name":"Lihanna","count":"8"}
{"name":"Lidya","count":"8"}
{"name":"Lidiya","count":"8"}
{"name":"Libbi","count":"8"}
{"name":"Liala","count":"8"}
{"name":"Kiyara","count":"8"}
{"name":"Kiyanna","count":"8"}
{"name":"Kionna","count":"8"}
{"name":"Kiralynn","count":"8"}
{"name":"Jiwoo","count":"8"}
{"name":"Kiandra","count":"8"}
{"name":"Kianni","count":"8"}
{"name":"Kieara","count":"8"}
{"name":"Kimbria","count":"8"}
{"name":"Kimia","count":"8"}
{"name":"Kimiya","count":"8"}
{"name":"Kinlynn","count":"8"}
{"name":"Kinsli","count":"8"}
{"name":"Kinzli","count":"8"}
{"name":"Minela","count":"7"}
{"name":"Minsa","count":"7"}
{"name":"Miriya","count":"7"}
{"name":"Mirren","count":"7"}
{"name":"Misaki","count":"7"}
{"name":"Mishel","count":"7"}
{"name":"Mitchell","count":"7"}
{"name":"Miyoko","count":"7"}
{"name":"Miyu","count":"7"}
{"name":"Nialah","count":"7"}
{"name":"Nieve","count":"7"}
{"name":"Nikitha","count":"7"}
{"name":"Nikka","count":"7"}
{"name":"Nikkie","count":"7"}
{"name":"Nineveh","count":"7"}
{"name":"Ninfa","count":"7"}
{"name":"Nishika","count":"7"}
{"name":"Nishita","count":"7"}
{"name":"Mikaelah","count":"7"}
{"name":"Lissett","count":"7"}
{"name":"Liyat","count":"7"}
{"name":"Lizmary","count":"7"}
{"name":"Miabelle","count":"7"}
{"name":"Miamore","count":"7"}
{"name":"Michala","count":"7"}
{"name":"Mickaela","count":"7"}
{"name":"Mielle","count":"7"}
{"name":"Mileidy","count":"7"}
{"name":"Mikaiah","count":"7"}
{"name":"Mikailah","count":"7"}
{"name":"Mikeila","count":"7"}
{"name":"Mikinley","count":"7"}
{"name":"Milaan","count":"7"}
{"name":"Milaysia","count":"7"}
{"name":"Milcah","count":"7"}
{"name":"Milea","count":"7"}
{"name":"Vinaya","count":"7"}
{"name":"Tiera","count":"7"}
{"name":"Timiyah","count":"7"}
{"name":"Timya","count":"7"}
{"name":"Tisa","count":"7"}
{"name":"Tiyonna","count":"7"}
{"name":"Vianny","count":"7"}
{"name":"Victorious","count":"7"}
{"name":"Vienne","count":"7"}
{"name":"Tiasia","count":"7"}
{"name":"Vivie","count":"7"}
{"name":"Willoughby","count":"7"}
{"name":"Wilmary","count":"7"}
{"name":"Xiadani","count":"7"}
{"name":"Xinyue","count":"7"}
{"name":"Zihan","count":"7"}
{"name":"Zinab","count":"7"}
{"name":"Ziyon","count":"7"}
{"name":"Silka","count":"7"}
{"name":"Niyelle","count":"7"}
{"name":"Riddhima","count":"7"}
{"name":"Rihan","count":"7"}
{"name":"Rimas","count":"7"}
{"name":"Rinah","count":"7"}
{"name":"Rithvika","count":"7"}
{"name":"Riverlynn","count":"7"}
{"name":"Sidnee","count":"7"}
{"name":"Nivriti","count":"7"}
{"name":"Simaya","count":"7"}
{"name":"Simrin","count":"7"}
{"name":"Simya","count":"7"}
{"name":"Sinclaire","count":"7"}
{"name":"Sirat","count":"7"}
{"name":"Tiahna","count":"7"}
{"name":"Tianni","count":"7"}
{"name":"Tiarah","count":"7"}
{"name":"Giannamarie","count":"7"}
{"name":"Diarra","count":"7"}
{"name":"Diksha","count":"7"}
{"name":"Dilcia","count":"7"}
{"name":"Divisha","count":"7"}
{"name":"Divyanshi","count":"7"}
{"name":"Diyana","count":"7"}
{"name":"Eilene","count":"7"}
{"name":"Findley","count":"7"}
{"name":"Gianah","count":"7"}
{"name":"Dianey","count":"7"}
{"name":"Giannie","count":"7"}
{"name":"Gila","count":"7"}
{"name":"Gilliana","count":"7"}
{"name":"Hikari","count":"7"}
{"name":"Jianni","count":"7"}
{"name":"Jisela","count":"7"}
{"name":"Jizzelle","count":"7"}
{"name":"Kian","count":"7"}
{"name":"Airah","count":"7"}
{"name":"Liona","count":"7"}
{"name":"Aiana","count":"7"}
{"name":"Aidaly","count":"7"}
{"name":"Aideen","count":"7"}
{"name":"Aiesha","count":"7"}
{"name":"Aileena","count":"7"}
{"name":"Ailen","count":"7"}
{"name":"Ainhara","count":"7"}
{"name":"Linzie","count":"7"}
{"name":"Aireana","count":"7"}
{"name":"Airlie","count":"7"}
{"name":"Aisla","count":"7"}
{"name":"Biak","count":"7"}
{"name":"Bibi","count":"7"}
{"name":"Cici","count":"7"}
{"name":"Ciin","count":"7"}
{"name":"Cire","count":"7"}
{"name":"Lilliane","count":"7"}
{"name":"Kiyra","count":"7"}
{"name":"Lianette","count":"7"}
{"name":"Liany","count":"7"}
{"name":"Lileana","count":"7"}
{"name":"Lilienne","count":"7"}
{"name":"Lilinoe","count":"7"}
{"name":"Lille","count":"7"}
{"name":"Lilliam","count":"7"}
{"name":"Kiarrah","count":"7"}
{"name":"Lillieana","count":"7"}
{"name":"Lilliemae","count":"7"}
{"name":"Lillienne","count":"7"}
{"name":"Lillyanah","count":"7"}
{"name":"Lillybelle","count":"7"}
{"name":"Linleigh","count":"7"}
{"name":"Linsy","count":"7"}
{"name":"Kianah","count":"7"}
{"name":"Kiyan","count":"7"}
{"name":"Kiyla","count":"7"}
{"name":"Kielyn","count":"7"}
{"name":"Kielynn","count":"7"}
{"name":"Kimimela","count":"7"}
{"name":"Kimimila","count":"7"}
{"name":"Kimmora","count":"7"}
{"name":"Kinberly","count":"7"}
{"name":"Kindra","count":"7"}
{"name":"Kinjal","count":"7"}
{"name":"Kinlei","count":"7"}
{"name":"Kinlie","count":"7"}
{"name":"Kinsler","count":"7"}
{"name":"Kinsly","count":"7"}
{"name":"Kiralyn","count":"7"}
{"name":"Kirpa","count":"7"}
{"name":"Kindred","count":"7"}
{"name":"Nimco","count":"6"}
{"name":"Nilani","count":"6"}
{"name":"Nil","count":"6"}
{"name":"Nikiya","count":"6"}
{"name":"Nija","count":"6"}
{"name":"Niha","count":"6"}
{"name":"Nichol","count":"6"}
{"name":"Niala","count":"6"}
{"name":"Miyako","count":"6"}
{"name":"Miu","count":"6"}
{"name":"Mitchelle","count":"6"}
{"name":"Niobe","count":"6"}
{"name":"Nirali","count":"6"}
{"name":"Nishma","count":"6"}
{"name":"Nitika","count":"6"}
{"name":"Niyahlee","count":"6"}
{"name":"Rickie","count":"6"}
{"name":"Rigby","count":"6"}
{"name":"Rim","count":"6"}
{"name":"Rinka","count":"6"}
{"name":"Rinnah","count":"6"}
{"name":"Rinyah","count":"6"}
{"name":"Mikael","count":"6"}
{"name":"Lisset","count":"6"}
{"name":"Nijae","count":"6"}
{"name":"Liviya","count":"6"}
{"name":"Lizy","count":"6"}
{"name":"Mialyn","count":"6"}
{"name":"Miari","count":"6"}
{"name":"Miaya","count":"6"}
{"name":"Mical","count":"6"}
{"name":"Miciah","count":"6"}
{"name":"Mickey","count":"6"}
{"name":"Mishayla","count":"6"}
{"name":"Milenka","count":"6"}
{"name":"Mileyah","count":"6"}
{"name":"Mills","count":"6"}
{"name":"Mionna","count":"6"}
{"name":"Miori","count":"6"}
{"name":"Mirae","count":"6"}
{"name":"Mirayah","count":"6"}
{"name":"Mirela","count":"6"}
{"name":"Miriana","count":"6"}
{"name":"Mirola","count":"6"}
{"name":"Xi","count":"6"}
{"name":"Tirenioluwa","count":"6"}
{"name":"Vianne","count":"6"}
{"name":"Victoire","count":"6"}
{"name":"Vihaa","count":"6"}
{"name":"Viktorya","count":"6"}
{"name":"Vivika","count":"6"}
{"name":"Willo","count":"6"}
{"name":"Win","count":"6"}
{"name":"Winner","count":"6"}
{"name":"Winslet","count":"6"}
{"name":"Tira","count":"6"}
{"name":"Xinran","count":"6"}
{"name":"Yianna","count":"6"}
{"name":"Yilia","count":"6"}
{"name":"Yilin","count":"6"}
{"name":"Yireh","count":"6"}
{"name":"Yiyi","count":"6"}
{"name":"Ziggy","count":"6"}
{"name":"Zinaya","count":"6"}
{"name":"Zirel","count":"6"}
{"name":"Ziza","count":"6"}
{"name":"Sirine","count":"6"}
{"name":"Riylee","count":"6"}
{"name":"Sibella","count":"6"}
{"name":"Sicilee","count":"6"}
{"name":"Sigourney","count":"6"}
{"name":"Sihaam","count":"6"}
{"name":"Silah","count":"6"}
{"name":"Silja","count":"6"}
{"name":"Simonne","count":"6"}
{"name":"Sinaya","count":"6"}
{"name":"Sira","count":"6"}
{"name":"Ritage","count":"6"}
{"name":"Siryah","count":"6"}
{"name":"Sissi","count":"6"}
{"name":"Tiani","count":"6"}
{"name":"Tiarrah","count":"6"}
{"name":"Timara","count":"6"}
{"name":"Timaya","count":"6"}
{"name":"Timberlyn","count":"6"}
{"name":"Timea","count":"6"}
{"name":"Timera","count":"6"}
{"name":"Tinsleigh","count":"6"}
{"name":"Giliana","count":"6"}
{"name":"Dinora","count":"6"}
{"name":"Diora","count":"6"}
{"name":"Disney","count":"6"}
{"name":"Diyala","count":"6"}
{"name":"Einin","count":"6"}
{"name":"Eizabella","count":"6"}
{"name":"Filippa","count":"6"}
{"name":"Fina","count":"6"}
{"name":"Finola","count":"6"}
{"name":"Gianelle","count":"6"}
{"name":"Giavonni","count":"6"}
{"name":"Dinara","count":"6"}
{"name":"Giuliette","count":"6"}
{"name":"Hildegard","count":"6"}
{"name":"Hilton","count":"6"}
{"name":"Hinaea","count":"6"}
{"name":"Jianah","count":"6"}
{"name":"Jiannah","count":"6"}
{"name":"Jihan","count":"6"}
{"name":"Jillianna","count":"6"}
{"name":"Jillyan","count":"6"}
{"name":"Jimenna","count":"6"}
{"name":"Billy","count":"6"}
{"name":"Aijah","count":"6"}
{"name":"Aileah","count":"6"}
{"name":"Aimie","count":"6"}
{"name":"Airabelle","count":"6"}
{"name":"Airyonna","count":"6"}
{"name":"Aisa","count":"6"}
{"name":"Aivley","count":"6"}
{"name":"Bianna","count":"6"}
{"name":"Bianney","count":"6"}
{"name":"Billi","count":"6"}
{"name":"Lisanna","count":"6"}
{"name":"Binti","count":"6"}
{"name":"Birkley","count":"6"}
{"name":"Bitania","count":"6"}
{"name":"Bitanya","count":"6"}
{"name":"Bixby","count":"6"}
{"name":"Cincere","count":"6"}
{"name":"Cintia","count":"6"}
{"name":"Diba","count":"6"}
{"name":"Dilan","count":"6"}
{"name":"Dileydi","count":"6"}
{"name":"Lilyrae","count":"6"}
{"name":"Liahona","count":"6"}
{"name":"Lianys","count":"6"}
{"name":"Liera","count":"6"}
{"name":"Life","count":"6"}
{"name":"Light","count":"6"}
{"name":"Lija","count":"6"}
{"name":"Lijana","count":"6"}
{"name":"Liliannah","count":"6"}
{"name":"Lilliaunna","count":"6"}
{"name":"Lillyahna","count":"6"}
{"name":"Lilyah","count":"6"}
{"name":"Jisele","count":"6"}
{"name":"Linah","count":"6"}
{"name":"Lindzey","count":"6"}
{"name":"Lingyi","count":"6"}
{"name":"Linlee","count":"6"}
{"name":"Linna","count":"6"}
{"name":"Linneah","count":"6"}
{"name":"Linzee","count":"6"}
{"name":"Linzi","count":"6"}
{"name":"Lisabella","count":"6"}
{"name":"Jin","count":"6"}
{"name":"Kitt","count":"6"}
{"name":"Kiyonna","count":"6"}
{"name":"Jisell","count":"6"}
{"name":"Kiaraliz","count":"6"}
{"name":"Kiela","count":"6"}
{"name":"Kieren","count":"6"}
{"name":"Kierrah","count":"6"}
{"name":"Kihana","count":"6"}
{"name":"Kileyann","count":"6"}
{"name":"Kimara","count":"6"}
{"name":"Kimiah","count":"6"}
{"name":"Kinnidy","count":"6"}
{"name":"Kimmie","count":"6"}
{"name":"Kismet","count":"6"}
{"name":"Kisha","count":"6"}
{"name":"Kirrah","count":"6"}
{"name":"Kiriana","count":"6"}
{"name":"Lisbet","count":"6"}
{"name":"Kirana","count":"6"}
{"name":"Kinsington","count":"6"}
{"name":"Kinsie","count":"6"}
{"name":"Nisma","count":"5"}
{"name":"Nishta","count":"5"}
{"name":"Nishi","count":"5"}
{"name":"Niome","count":"5"}
{"name":"Ninette","count":"5"}
{"name":"Nilsa","count":"5"}
{"name":"Niley","count":"5"}
{"name":"Nikyla","count":"5"}
{"name":"Nikkia","count":"5"}
{"name":"Nikiyah","count":"5"}
{"name":"Nikira","count":"5"}
{"name":"Nikiah","count":"5"}
{"name":"Nigella","count":"5"}
{"name":"Nicholle","count":"5"}
{"name":"Nicholette","count":"5"}
{"name":"Nicci","count":"5"}
{"name":"Nisreen","count":"5"}
{"name":"Nitara","count":"5"}
{"name":"Nivayah","count":"5"}
{"name":"Niveen","count":"5"}
{"name":"Niyomi","count":"5"}
{"name":"Niza","count":"5"}
{"name":"Pierina","count":"5"}
{"name":"Pistol","count":"5"}
{"name":"Rianshi","count":"5"}
{"name":"Rickell","count":"5"}
{"name":"Ridlee","count":"5"}
{"name":"Ridleigh","count":"5"}
{"name":"Riella","count":"5"}
{"name":"Rien","count":"5"}
{"name":"Riha","count":"5"}
{"name":"Rihab","count":"5"}
{"name":"Milett","count":"5"}
{"name":"Mima","count":"5"}
{"name":"Millian","count":"5"}
{"name":"Millan","count":"5"}
{"name":"Milinda","count":"5"}
{"name":"Miliany","count":"5"}
{"name":"Milian","count":"5"}
{"name":"Mileyshka","count":"5"}
{"name":"Mileva","count":"5"}
{"name":"Mindi","count":"5"}
{"name":"Milanni","count":"5"}
{"name":"Miku","count":"5"}
{"name":"Mikhail","count":"5"}
{"name":"Mikeria","count":"5"}
{"name":"Mikaylin","count":"5"}
{"name":"Mikale","count":"5"}
{"name":"Mikal","count":"5"}
{"name":"Niaya","count":"5"}
{"name":"Miraj","count":"5"}
{"name":"Mirajane","count":"5"}
{"name":"Mirasol","count":"5"}
{"name":"Mirena","count":"5"}
{"name":"Mishaal","count":"5"}
{"name":"Miski","count":"5"}
{"name":"Misri","count":"5"}
{"name":"Missouri","count":"5"}
{"name":"Mitsuki","count":"5"}
{"name":"Miyani","count":"5"}
{"name":"Miylah","count":"5"}
{"name":"Ni","count":"5"}
{"name":"Nialani","count":"5"}
{"name":"Niamiah","count":"5"}
{"name":"Niani","count":"5"}
{"name":"Wilson","count":"5"}
{"name":"Xinrui","count":"5"}
{"name":"Xiclali","count":"5"}
{"name":"Xiara","count":"5"}
{"name":"Xiamara","count":"5"}
{"name":"Winterrose","count":"5"}
{"name":"Winta","count":"5"}
{"name":"Winni","count":"5"}
{"name":"Wimberley","count":"5"}
{"name":"Xinyan","count":"5"}
{"name":"Viviette","count":"5"}
{"name":"Vivan","count":"5"}
{"name":"Vitalina","count":"5"}
{"name":"Violetrose","count":"5"}
{"name":"Violeth","count":"5"}
{"name":"Vinisha","count":"5"}
{"name":"Vinessa","count":"5"}
{"name":"Viena","count":"5"}
{"name":"Xitllali","count":"5"}
{"name":"Yichen","count":"5"}
{"name":"Yiran","count":"5"}
{"name":"Yiru","count":"5"}
{"name":"Yiselle","count":"5"}
{"name":"Yitzel","count":"5"}
{"name":"Yixin","count":"5"}
{"name":"Ziarah","count":"5"}
{"name":"Zierra","count":"5"}
{"name":"Zikeria","count":"5"}
{"name":"Zila","count":"5"}
{"name":"Zilynn","count":"5"}
{"name":"Ziporah","count":"5"}
{"name":"Zitlali","count":"5"}
{"name":"Ziyona","count":"5"}
{"name":"Simisola","count":"5"}
{"name":"Rilah","count":"5"}
{"name":"Rilie","count":"5"}
{"name":"Rily","count":"5"}
{"name":"Rinad","count":"5"}
{"name":"Riniyah","count":"5"}
{"name":"Riti","count":"5"}
{"name":"Rittal","count":"5"}
{"name":"Riyanna","count":"5"}
{"name":"Riyanshi","count":"5"}
{"name":"Riyaq","count":"5"}
{"name":"Sianni","count":"5"}
{"name":"Siarra","count":"5"}
{"name":"Sidonia","count":"5"}
{"name":"Sigal","count":"5"}
{"name":"Silas","count":"5"}
{"name":"Riko","count":"5"}
{"name":"Siniya","count":"5"}
{"name":"Sionna","count":"5"}
{"name":"Siriyah","count":"5"}
{"name":"Siyam","count":"5"}
{"name":"Siyanna","count":"5"}
{"name":"Tiah","count":"5"}
{"name":"Tiernan","count":"5"}
{"name":"Tikvah","count":"5"}
{"name":"Tila","count":"5"}
{"name":"Tilden","count":"5"}
{"name":"Timiah","count":"5"}
{"name":"Timiya","count":"5"}
{"name":"Tiyanna","count":"5"}
{"name":"Viany","count":"5"}
{"name":"Victor","count":"5"}
{"name":"Eilish","count":"5"}
{"name":"Finesse","count":"5"}
{"name":"Findlay","count":"5"}
{"name":"Filipa","count":"5"}
{"name":"Fiana","count":"5"}
{"name":"Eizley","count":"5"}
{"name":"Eirian","count":"5"}
{"name":"Eimi","count":"5"}
{"name":"Eilonwy","count":"5"}
{"name":"Fiorenza","count":"5"}
{"name":"Eiliana","count":"5"}
{"name":"Eileena","count":"5"}
{"name":"Diyora","count":"5"}
{"name":"Diyaa","count":"5"}
{"name":"Dixi","count":"5"}
{"name":"Diore","count":"5"}
{"name":"Dione","count":"5"}
{"name":"Dimitra","count":"5"}
{"name":"Firdous","count":"5"}
{"name":"Fizza","count":"5"}
{"name":"Giahan","count":"5"}
{"name":"Giahna","count":"5"}
{"name":"Giannarose","count":"5"}
{"name":"Giannina","count":"5"}
{"name":"Giara","count":"5"}
{"name":"Giavannah","count":"5"}
{"name":"Gillianna","count":"5"}
{"name":"Gita","count":"5"}
{"name":"Gitanjali","count":"5"}
{"name":"Giulliana","count":"5"}
{"name":"Hibah","count":"5"}
{"name":"Hidayah","count":"5"}
{"name":"Hind","count":"5"}
{"name":"Ailine","count":"5"}
{"name":"Airyn","count":"5"}
{"name":"Airess","count":"5"}
{"name":"Aireonna","count":"5"}
{"name":"Aireona","count":"5"}
{"name":"Airel","count":"5"}
{"name":"Aimen","count":"5"}
{"name":"Aimar","count":"5"}
{"name":"Aiman","count":"5"}
{"name":"Aisosa","count":"5"}
{"name":"Ailiana","count":"5"}
{"name":"Aileth","count":"5"}
{"name":"Ailena","count":"5"}
{"name":"Ailea","count":"5"}
{"name":"Ailanie","count":"5"}
{"name":"Aija","count":"5"}
{"name":"Aidelyn","count":"5"}
{"name":"Hiromi","count":"5"}
{"name":"Aiyahna","count":"5"}
{"name":"Aiylah","count":"5"}
{"name":"Aizza","count":"5"}
{"name":"Biana","count":"5"}
{"name":"Bianey","count":"5"}
{"name":"Bilen","count":"5"}
{"name":"Bitia","count":"5"}
{"name":"Cicilia","count":"5"}
{"name":"Diamonique","count":"5"}
{"name":"Dianelly","count":"5"}
{"name":"Dianelys","count":"5"}
{"name":"Diann","count":"5"}
{"name":"Diego","count":"5"}
{"name":"Dilia","count":"5"}
{"name":"Dillynn","count":"5"}
{"name":"Lillyannah","count":"5"}
{"name":"Linzey","count":"5"}
{"name":"Lindsi","count":"5"}
{"name":"Lindee","count":"5"}
{"name":"Lilymarie","count":"5"}
{"name":"Lilyaunna","count":"5"}
{"name":"Lilyannah","count":"5"}
{"name":"Lilyani","count":"5"}
{"name":"Lillyen","count":"5"}
{"name":"Litia","count":"5"}
{"name":"Lilliyn","count":"5"}
{"name":"Lilliyan","count":"5"}
{"name":"Lilliannah","count":"5"}
{"name":"Lilliani","count":"5"}
{"name":"Lilium","count":"5"}
{"name":"Lilika","count":"5"}
{"name":"Lilica","count":"5"}
{"name":"Liley","count":"5"}
{"name":"Livier","count":"5"}
{"name":"Lizandra","count":"5"}
{"name":"Lizbet","count":"5"}
{"name":"Lizett","count":"5"}
{"name":"Miamarie","count":"5"}
{"name":"Miamour","count":"5"}
{"name":"Mianicole","count":"5"}
{"name":"Miara","count":"5"}
{"name":"Micahya","count":"5"}
{"name":"Michalina","count":"5"}
{"name":"Michonne","count":"5"}
{"name":"Mickinley","count":"5"}
{"name":"Midhuna","count":"5"}
{"name":"Mieke","count":"5"}
{"name":"Mieko","count":"5"}
{"name":"Kileah","count":"5"}
{"name":"Hitha","count":"5"}
{"name":"Hiwot","count":"5"}
{"name":"Iiyana","count":"5"}
{"name":"Jian","count":"5"}
{"name":"Jiani","count":"5"}
{"name":"Jiaqi","count":"5"}
{"name":"Jiayi","count":"5"}
{"name":"Jillianne","count":"5"}
{"name":"Jimmie","count":"5"}
{"name":"Jionna","count":"5"}
{"name":"Jisella","count":"5"}
{"name":"Jisha","count":"5"}
{"name":"Kiala","count":"5"}
{"name":"Kihara","count":"5"}
{"name":"Kiko","count":"5"}
{"name":"Mihaela","count":"5"}
{"name":"Kimball","count":"5"}
{"name":"Kimberlly","count":"5"}
{"name":"Kimmi","count":"5"}
{"name":"Kimori","count":"5"}
{"name":"Kindyl","count":"5"}
{"name":"Kinnidi","count":"5"}
{"name":"Kiyani","count":"5"}
{"name":"Kiylah","count":"5"}
{"name":"Liandra","count":"5"}
{"name":"Liann","count":"5"}
{"name":"Liberti","count":"5"}
{"name":"Libertie","count":"5"}
{"name":"Licia","count":"5"}
{"name":"Lieve","count":"5"}
{"name":"Lilani","count":"5"}